Id,Name,Position,Team,ADP,rank
1109979,Ja'Marr Chase,WR,CIN,1.1,1.0
1069535,Justin Jefferson,WR,MIN,4.1,2.2941176470588234
1062020,CeeDee Lamb,WR,DAL,5.3,3.0588235294117645
1214154,Jahmyr Gibbs,RB,DET,5.2,4.0
883302,Saquon Barkley,RB,PHI,3.0,4.294117647058823
1228244,Bijan Robinson,RB,ATL,3.2,5.529411764705882
1162128,Puka Nacua,WR,LAR,8.3,6.823529411764706
1286059,Malik Nabers,WR,NYG,9.6,8.411764705882353
1127106,Amon-Ra St. Brown,WR,DET,10.7,9.294117647058824
1074698,Nico Collins,WR,HOU,11.1,9.352941176470589
1379646,Ashton Jeanty,RB,LV,12.4,9.65
830517,Christian McCaffrey,RB,SF,7.7,11.176470588235293
1285917,Brock Bowers,TE,LV,18.2,11.649999999999999
1231820,Devon Achane,RB,MIA,14.4,11.719999999999999
1286064,Brian Thomas Jr.,WR,JAX,13.8,12.352941176470589
1178741,Drake London,WR,ATL,16.2,13.299999999999999
1218643,Ladd McConkey,WR,LAC,18.2,15.05
944826,A.J. Brown,WR,PHI,19.3,16.41176470588235
732145,Derrick Henry,RB,BAL,12.8,18.88235294117647
1287923,Bucky Irving,RB,TB,22.5,19.3
823156,Tyreek Hill,WR,MIA,22.0,20.1
1108161,Trey McBride,TE,ARI,25.1,21.176470588235293
1065406,Jonathan Taylor,RB,IND,20.2,22.470588235294116
978579,Tee Higgins,WR,CIN,25.6,23.764705882352942
944416,Josh Jacobs,RB,GB,23.8,25.11764705882353
1123379,Chase Brown,RB,CIN,25.6,26.0
868199,Josh Allen,QB,BUF,28.4,26.7
1164889,Garrett Wilson,WR,NYJ,28.2,26.88235294117647
1398572,Omarion Hampton,RB,LAC,34.4,28.74705882352941
1214087,Jaxon Smith-Njigba,WR,SEA,33.7,29.176470588235293
1162537,Breece Hall,RB,NYJ,34.9,29.541176470588233
1287828,Marvin Harrison Jr.,WR,ARI,30.4,29.823529411764707
611417,Davante Adams,WR,LAR,30.9,29.941176470588236
877745,Lamar Jackson,QB,BAL,29.3,31.0
1380576,Tetairoa McMillan,WR,CAR,50.4,33.25
1172053,George Pickens,WR,DAL,50.7,33.839999999999996
1161228,Jayden Daniels,QB,WAS,39.0,34.75
733672,George Kittle,TE,SF,37.0,36.35294117647059
593587,Mike Evans,WR,TB,36.3,36.470588235294116
836116,Terry McLaurin,WR,WAS,41.3,36.94117647058823
1326638,Xavier Worthy,WR,KC,41.1,37.8235294117647
1131012,James Cook,RB,BUF,39.7,37.85
913271,Jalen Hurts,QB,PHI,45.0,38.25
1167361,Kyren Williams,RB,LAR,31.7,40.588235294117645
877790,DJ Moore,WR,CHI,42.9,40.8235294117647
1399275,Travis Hunter,WR,JAX,60.8,42.029999999999994
1164402,Kenneth Walker III,RB,SEA,49.6,44.1
1060262,DeVonta Smith,WR,PHI,52.7,44.1764705882353
1125749,Jaylen Waddle,WR,MIA,58.4,47.59411764705882
1287837,TreVeyon Henderson,RB,NE,61.4,47.6
1177053,Zay Flowers,WR,BAL,55.0,48.11764705882353
884013,Calvin Ridley,WR,TEN,56.2,48.199999999999996
1172401,RJ Harvey,RB,DEN,63.1,48.55
838878,Courtland Sutton,WR,DEN,48.9,49.0
1173538,Rashee Rice,WR,KC,44.0,49.588235294117645
1175184,Jameson Williams,WR,DET,48.2,51.0
1122592,Chris Olave,WR,NO,69.0,51.9
945633,DK Metcalf,WR,PIT,45.6,53.0
1062047,Chuba Hubbard,RB,CAR,52.5,54.05882352941177
878785,Joe Burrow,QB,CIN,46.5,56.94117647058823
750846,Alvin Kamara,RB,NO,46.8,58.705882352941174
694041,Stefon Diggs,WR,NE,75.1,59.1
973935,Jerry Jeudy,WR,CLE,72.8,60.4
742390,James Conner,RB,ARI,57.4,62.294117647058826
867009,Jauan Jennings,WR,SF,68.8,64.29411764705883
1213727,Rome Odunze,WR,CHI,67.3,65.52941176470588
1161416,Ricky Pearsall,WR,SF,86.7,65.7
1215077,Josh Downs,WR,IND,85.0,67.75
946739,David Montgomery,RB,DET,69.7,68.05882352941177
1168926,Sam LaPorta,TE,DET,63.8,68.6470588235294
880151,Jakobi Meyers,WR,LV,67.2,69.6470588235294
1123398,Jayden Reed,WR,GB,87.4,71.1
835749,Deebo Samuel,WR,WAS,65.1,71.11764705882354
835127,Chris Godwin,WR,TB,81.3,71.11764705882354
1287825,Emeka Egbuka,WR,TB,87.8,71.25
820727,Joe Mixon,RB,HOU,64.6,71.41176470588235
1379267,Matthew Golden,WR,GB,89.0,73.11176470588235
839031,Patrick Mahomes,QB,KC,71.6,73.6470588235294
1130603,Khalil Shakir,WR,BUF,76.1,74.47058823529412
1069808,D'Andre Swift,RB,CHI,65.8,75.05882352941177
1214250,Jordan Addison,WR,MIN,78.2,76.52941176470588
1381902,Kaleb Johnson,RB,PIT,72.3,76.70588235294117
1110681,Justin Fields,QB,NYJ,104.3,77.27058823529413
880398,Tony Pollard,RB,TEN,85.1,77.94117647058823
741314,Aaron Jones,RB,MIN,75.4,78.6470588235294
1106832,Isiah Pacheco,RB,KC,76.9,81.29411764705883
879799,Kyler Murray,QB,ARI,93.6,86.29411764705883
748070,Baker Mayfield,QB,TB,83.5,86.3529411764706
978577,Travis Etienne,RB,JAX,95.6,87.89999999999999
1274492,Jayden Higgins,WR,HOU,104.6,88.99411764705881
923915,T.J. Hockenson,TE,MIN,83.9,89.11764705882354
973966,Brian Robinson Jr.,RB,WAS,82.3,90.88235294117646
1214633,Tre Harris,WR,LAC,115.0,90.9
448240,Travis Kelce,TE,KC,79.5,91.0
1121761,Brock Purdy,QB,SF,103.9,91.29411764705883
976513,J.K. Dobbins,RB,DEN,106.3,92.39999999999999
912027,Darnell Mooney,WR,ATL,99.5,93.23529411764706
1116001,Jordan Mason,RB,MIN,93.9,96.0
1161899,Bo Nix,QB,DEN,90.6,97.17647058823529
832098,David Njoku,TE,CLE,111.4,97.44999999999999
1286445,Caleb Williams,QB,CHI,107.6,97.47058823529412
1176443,Jaylen Warren,RB,PIT,100.0,97.88235294117646
1107881,Javonte Williams,RB,DAL,118.3,98.21176470588236
911348,Michael Pittman,WR,IND,101.6,98.23529411764706
698227,Cooper Kupp,WR,SEA,86.0,99.70588235294117
591816,Dak Prescott,QB,DAL,96.4,100.29411764705883
1169430,Tyjae Spears,RB,TEN,120.7,103.1
1229083,Tyler Warren,TE,IND,108.7,103.7
749185,Evan Engram,TE,DEN,94.2,103.76470588235294
1280316,Cam Skattebo,RB,NYG,111.5,104.3529411764706
727837,Jared Goff,QB,DET,103.0,105.58823529411765
1286803,Drake Maye,QB,NE,116.2,106.52941176470588
1377732,Luther Burden,WR,CHI,138.7,106.62352941176471
1109708,Tyrone Tracy Jr.,RB,NYG,102.8,106.76470588235294
910562,Justin Herbert,QB,LAC,118.4,109.76470588235294
791365,Dallas Goedert,TE,PHI,138.2,109.85000000000001
820699,Mark Andrews,TE,BAL,101.8,110.82352941176471
1327169,Bhayshul Tuten,RB,JAX,140.4,110.91176470588235
1322431,Keon Coleman,WR,BUF,109.8,113.41176470588235
1214084,C.J. Stroud,QB,HOU,124.9,115.0
912137,Jordan Love,QB,GB,121.8,115.94117647058823
1399910,Dylan Sampson,RB,CLE,147.7,116.1
1164530,Zach Charbonnet,RB,SEA,115.8,116.88235294117646
923412,Rashid Shaheed,WR,NO,122.6,117.29411764705883
1110711,Trevor Lawrence,QB,JAX,130.6,117.41176470588235
1287599,J.J. McCarthy,QB,MIN,113.6,119.82352941176471
1378821,Colston Loveland,TE,CHI,128.7,122.94117647058823
1107034,Brandon Aiyuk,WR,SF,120.9,123.47058823529412
865801,Christian Kirk,WR,HOU,131.4,124.6470588235294
1227157,Kyle Williams,WR,NE,146.2,126.0
1108208,Rashod Bateman,WR,BAL,114.7,126.88235294117646
1174682,Rhamondre Stevenson,RB,NE,126.7,127.05882352941177
1107478,Michael Penix,QB,ATL,134.7,131.1764705882353
1181874,Tucker Kraft,TE,GB,122.1,132.1764705882353
1378898,Jaydon Blue,RB,DAL,146.8,132.6
1165229,Ray Davis,RB,BUF,145.1,134.5235294117647
1065361,Jake Ferguson,TE,DAL,145.6,134.8235294117647
790004,Austin Ekeler,RB,WAS,152.9,135.95
1135513,Dalton Kincaid,TE,BUF,128.0,136.7058823529412
1164875,Wan'Dale Robinson,WR,NYG,163.4,136.85
1287636,Will Shipley,RB,PHI,189.4,138.25
1383807,Quinshon Judkins,RB,CLE,113.5,139.23529411764707
1229343,Rachaad White,RB,TB,134.0,139.52941176470588
976220,Marquise Brown,WR,KC,138.7,141.11764705882354
503177,Zach Ertz,TE,WAS,155.7,142.79999999999998
1228691,Cam Ward,QB,TEN,151.3,143.1764705882353
1213865,Quentin Johnston,WR,LAC,140.2,144.0
973947,Tua Tagovailoa,QB,MIA,140.2,144.05882352941177
1213257,Bryce Young,QB,CAR,148.1,144.35294117647058
1131198,Tyler Allgeier,RB,ATL,164.2,144.47058823529412
1248031,Trey Benson,RB,ARI,153.9,146.58823529411765
973964,Najee Harris,RB,LAC,136.7,148.7058823529412
513856,Geno Smith,QB,LV,155.2,149.23529411764707
1123026,Kyle Pitts,TE,ATL,150.7,150.0
1125111,Isaiah Likely,TE,BAL,137.4,150.05882352941177
1122653,Romeo Doubs,WR,GB,165.9,151.58823529411765
1213799,Marvin Mims Jr.,WR,DEN,125.8,152.1764705882353
1126338,Isaac Guerendo,RB,SF,146.2,152.41176470588235
1319185,Jarquez Hunter,RB,LAR,205.3,152.45
323205,Matthew Stafford,QB,LAR,145.6,153.0
1164940,Brenton Strange,TE,JAX,162.9,154.05882352941177
1215035,Tank Bigsby,RB,JAX,160.2,159.41176470588235
733643,Adam Thielen,WR,CAR,144.9,160.52941176470588
1059612,Joshua Palmer,WR,BUF,175.6,160.58823529411765
1106374,Chig Okonkwo,TE,TEN,182.7,163.5
836152,Mike Gesicki,TE,CIN,171.2,165.41176470588235
1286046,Jack Bech,WR,LV,165.3,165.47058823529412
1124664,Cedric Tillman,WR,CLE,158.8,166.05882352941177
1180321,Xavier Legette,WR,CAR,166.5,167.94117647058823
744425,Hunter Henry,TE,NE,171.4,168.64705882352942
1116662,Pat Freiermuth,TE,PIT,204.3,169.75
1325231,Braelon Allen,RB,NYJ,177.7,170.58823529411765
1175693,Demario Douglas,WR,NE,180.1,170.94117647058823
822857,Nick Chubb,RB,HOU,162.5,171.64705882352942
1213726,Jalen McMillan,WR,TB,155.6,171.76470588235293
743749,Jonnu Smith,TE,PIT,153.0,173.11764705882354
933480,Rico Dowdle,RB,CAR,178.0,173.47058823529412
1125737,Jerome Ford,RB,CLE,169.2,175.35294117647058
1286513,Jaylen Wright,RB,MIA,168.7,176.35294117647058
1163265,Roschon Johnson,RB,CHI,175.2,177.2941176470588
1305866,Pat Bryant,WR,DEN,183.6,177.76470588235293
1218753,Jalen Coker,WR,CAR,221.3,179.85
1286370,Jaylin Noel,WR,HOU,198.5,181.35294117647058
1049263,Cade Otton,TE,TB,179.5,181.47058823529412
880026,Sam Darnold,QB,SEA,162.9,183.05882352941177
924261,Miles Sanders,RB,DAL,194.6,183.58823529411765
1395319,Elic Ayomanor,WR,TEN,212.8,183.85
1107878,Dyami Brown,WR,JAX,201.5,183.94117647058823
1107027,Alec Pierce,WR,IND,175.1,184.58823529411765
1213414,MarShawn Lloyd,RB,GB,197.8,188.11764705882354
1293066,Devin Neal,RB,NO,224.4,188.4
923109,Justice Hill,RB,BAL,190.6,188.58823529411765
880557,Darius Slayton,WR,NYG,206.4,189.58823529411765
1303569,DJ Giddens,RB,IND,207.2,190.05882352941177
1123529,Michael Wilson,WR,ARI,193.1,191.11764705882354
1286164,Dont'e Thornton,WR,LV,188.7,194.2941176470588
879981,Daniel Jones,QB,IND,197.4,195.05882352941177
1231652,Woody Marks,RB,HOU,222.8,198.76470588235293
1381263,Mason Taylor,TE,NYJ,188.0,198.8235294117647
1228730,Tahj Brooks,RB,CIN,217.8,200.0
830523,Dalton Schultz,TE,HOU,206.2,200.76470588235293
1110306,Tyler Shough,QB,NO,204.0,203.47058823529412
1215022,Anthony Richardson,QB,IND,183.7,206.41176470588235
1286840,Elijah Arroyo,TE,SEA,191.6,208.7058823529412
1313668,Brashard Smith,RB,KC,207.7,209.23529411764707
1286260,Jaxson Dart,QB,NYG,215.6,210.11764705882354
1326628,Ja'Tavion Sanders,TE,CAR,219.4,211.58823529411765
1229540,Blake Corum,RB,LAR,215.2,212.64705882352942
1222789,Keaton Mitchell,RB,BAL,214.2,212.7058823529412
1106760,Tutu Atwell,WR,LAR,226.2,214.35294117647058
1394752,Harold Fannin,TE,CLE,228.9,214.58823529411765
1214414,Theo Johnson,TE,NYG,215.5,215.0
560241,DeAndre Hopkins,WR,BAL,181.6,217.11764705882354
557210,Keenan Allen,WR,FA,194.9,219.1764705882353
884609,Juwan Johnson,TE,NO,209.4,219.58823529411765
1285908,Adonai Mitchell,WR,IND,228.1,224.11764705882354
1124851,Andrei Iosivas,WR,CIN,201.6,224.58823529411765
605242,Tyler Lockett,WR,TEN,208.0,225.05882352941177
1172428,Dontayvion Wicks,WR,GB,221.6,225.35294117647058
1164788,Devaughn Vele,WR,DEN,227.6,225.58823529411765
1403491,Jalen Royals,WR,KC,219.2,225.64705882352942
1228633,Sean Tucker,RB,TB,229.8,227.35294117647058
1441362,Isaac TeSlaa,WR,DET,225.7,230.23529411764707
1286176,Troy Franklin,WR,DEN,228.5,230.8235294117647
1213872,Savion Williams,WR,GB,229.1,236.88235294117646
1229669,Roman Wilson,WR,PIT,227.4,237.88235294117646
1286179,Terrance Ferguson,TE,LAR,224.0,210.0
1163273,Jordan Whittington,WR,LAR,223.0,195.0
1214689,Jaylin Lane,WR,WAS,229.0,215.0
